{
  "verified": 54,
  "timeout": 0,
  "falsified": 46,
  "error": 0,
  "total_time": 53.06157040596008,
  "avg_time": 0.5306157040596008,
  "min_time": 0.1188507080078125,
  "max_time": 1.4753429889678955,
  "margins": [
    1.7761108577251434,
    -0.30355656147003174,
    2.7265543341636658,
    1.8589942455291748,
    -0.40673897229135036,
    3.11013662815094,
    -0.43532364070415497,
    -0.7015876527875662,
    -1.856289153918624,
    -0.8436669730581343,
    1.6473708152770996,
    -0.8076152801513672,
    -0.6839749501086771,
    2.8602952361106873,
    3.0742437839508057,
    -0.9224453773349524,
    -0.5137516300892457,
    1.4056478142738342,
    -1.046473741531372,
    -0.15540838614106178,
    -1.3106708843261003,
    2.18111252784729,
    0.024929404258728027,
    -0.9427150674164295,
    -0.3480346631258726,
    3.0051134824752808,
    1.096672773361206,
    -0.24412269750609994,
    2.2109938859939575,
    1.9814513325691223,
    0.7795439958572388,
    1.9114919900894165,
    1.4069212079048157,
    -1.8278283011168242,
    0.42424285411834717,
    1.2177221179008484,
    0.7142177820205688,
    3.155767321586609,
    -0.5726471245288849,
    2.877955675125122,
    2.6780784726142883,
    0.9340071082115173,
    -0.5861010788939893,
    -1.2740764021873474,
    0.4391886591911316,
    -1.2841690592467785,
    -0.1506442427635193,
    0.3889538049697876,
    -0.40006017964333296,
    -0.38445828715339303,
    2.0398430824279785,
    1.003775179386139,
    -0.7663615755736828,
    -0.5157411806285381,
    -0.04326051473617554,
    1.857008934020996,
    -0.19607288716360927,
    2.8659583628177643,
    -0.7252375315874815,
    -0.7713981699198484,
    0.9380845427513123,
    -1.4098415207117796,
    -0.48068950488232076,
    -0.9731513261795044,
    0.10913902521133423,
    -0.43424083665013313,
    -0.7841692781075835,
    -0.6789972493425012,
    1.59371417760849,
    1.1632975935935974,
    1.396683394908905,
    2.757787823677063,
    -0.5008994340896606,
    -1.3771147225052118,
    2.958220273256302,
    0.07573425769805908,
    0.5367186069488525,
    -1.4339366257190704,
    -1.34874552115798,
    2.5251964926719666,
    1.0509313941001892,
    1.8872278332710266,
    2.5740826427936554,
    1.7471804320812225,
    -0.49221997056156397,
    -0.43603446893393993,
    1.9385902285575867,
    0.9084684252738953,
    1.9208109378814697,
    3.076691508293152,
    1.5088938772678375,
    2.794414520263672,
    -0.4300647934433073,
    0.8972842693328857,
    1.6370607018470764,
    -1.103998463600874,
    0.8025858998298645,
    -0.7037451267242432,
    0.6229027509689331,
    -0.855954653583467
  ],
  "detailed_results": [
    {
      "sample_idx": 0,
      "label": 7,
      "result": "verified",
      "time": 1.3704140186309814,
      "margin": 1.7761108577251434
    },
    {
      "sample_idx": 1,
      "label": 2,
      "result": "falsified",
      "time": 0.3775925636291504,
      "margin": -0.30355656147003174
    },
    {
      "sample_idx": 2,
      "label": 1,
      "result": "verified",
      "time": 1.1411337852478027,
      "margin": 2.7265543341636658
    },
    {
      "sample_idx": 3,
      "label": 0,
      "result": "verified",
      "time": 0.5750741958618164,
      "margin": 1.8589942455291748
    },
    {
      "sample_idx": 4,
      "label": 4,
      "result": "falsified",
      "time": 1.0744965076446533,
      "margin": -0.40673897229135036
    },
    {
      "sample_idx": 5,
      "label": 1,
      "result": "verified",
      "time": 0.6942334175109863,
      "margin": 3.11013662815094
    },
    {
      "sample_idx": 6,
      "label": 4,
      "result": "falsified",
      "time": 0.6441569328308105,
      "margin": -0.43532364070415497
    },
    {
      "sample_idx": 7,
      "label": 9,
      "result": "falsified",
      "time": 1.1779866218566895,
      "margin": -0.7015876527875662
    },
    {
      "sample_idx": 8,
      "label": 5,
      "result": "falsified",
      "time": 0.7828295230865479,
      "margin": -1.856289153918624
    },
    {
      "sample_idx": 9,
      "label": 9,
      "result": "falsified",
      "time": 1.0527918338775635,
      "margin": -0.8436669730581343
    },
    {
      "sample_idx": 10,
      "label": 0,
      "result": "verified",
      "time": 0.267319917678833,
      "margin": 1.6473708152770996
    },
    {
      "sample_idx": 11,
      "label": 6,
      "result": "falsified",
      "time": 0.9782261848449707,
      "margin": -0.8076152801513672
    },
    {
      "sample_idx": 12,
      "label": 9,
      "result": "falsified",
      "time": 0.8460526466369629,
      "margin": -0.6839749501086771
    },
    {
      "sample_idx": 13,
      "label": 0,
      "result": "verified",
      "time": 0.46808671951293945,
      "margin": 2.8602952361106873
    },
    {
      "sample_idx": 14,
      "label": 1,
      "result": "verified",
      "time": 0.9809162616729736,
      "margin": 3.0742437839508057
    },
    {
      "sample_idx": 15,
      "label": 5,
      "result": "falsified",
      "time": 0.8697681427001953,
      "margin": -0.9224453773349524
    },
    {
      "sample_idx": 16,
      "label": 9,
      "result": "falsified",
      "time": 1.171396017074585,
      "margin": -0.5137516300892457
    },
    {
      "sample_idx": 17,
      "label": 7,
      "result": "verified",
      "time": 0.4765145778656006,
      "margin": 1.4056478142738342
    },
    {
      "sample_idx": 18,
      "label": 3,
      "result": "falsified",
      "time": 0.8887546062469482,
      "margin": -1.046473741531372
    },
    {
      "sample_idx": 19,
      "label": 4,
      "result": "falsified",
      "time": 1.3603250980377197,
      "margin": -0.15540838614106178
    },
    {
      "sample_idx": 20,
      "label": 9,
      "result": "falsified",
      "time": 0.98876953125,
      "margin": -1.3106708843261003
    },
    {
      "sample_idx": 21,
      "label": 6,
      "result": "verified",
      "time": 0.747302770614624,
      "margin": 2.18111252784729
    },
    {
      "sample_idx": 22,
      "label": 6,
      "result": "verified",
      "time": 1.1193315982818604,
      "margin": 0.024929404258728027
    },
    {
      "sample_idx": 23,
      "label": 5,
      "result": "falsified",
      "time": 0.8461401462554932,
      "margin": -0.9427150674164295
    },
    {
      "sample_idx": 24,
      "label": 4,
      "result": "falsified",
      "time": 1.2883906364440918,
      "margin": -0.3480346631258726
    },
    {
      "sample_idx": 25,
      "label": 0,
      "result": "verified",
      "time": 0.5047168731689453,
      "margin": 3.0051134824752808
    },
    {
      "sample_idx": 26,
      "label": 7,
      "result": "verified",
      "time": 0.8022828102111816,
      "margin": 1.096672773361206
    },
    {
      "sample_idx": 27,
      "label": 4,
      "result": "falsified",
      "time": 1.4064550399780273,
      "margin": -0.24412269750609994
    },
    {
      "sample_idx": 28,
      "label": 0,
      "result": "verified",
      "time": 1.0410699844360352,
      "margin": 2.2109938859939575
    },
    {
      "sample_idx": 29,
      "label": 1,
      "result": "verified",
      "time": 1.4753429889678955,
      "margin": 1.9814513325691223
    },
    {
      "sample_idx": 30,
      "label": 3,
      "result": "verified",
      "time": 0.5930135250091553,
      "margin": 0.7795439958572388
    },
    {
      "sample_idx": 31,
      "label": 1,
      "result": "verified",
      "time": 1.092433214187622,
      "margin": 1.9114919900894165
    },
    {
      "sample_idx": 32,
      "label": 3,
      "result": "verified",