{
  "verified": 64,
  "timeout": 0,
  "falsified": 36,
  "error": 0,
  "total_time": 26.802099466323853,
  "avg_time": 0.26802099466323853,
  "min_time": 0.10221290588378906,
  "max_time": 0.8026237487792969,
  "margins": [
    3.5646685361862183,
    -0.6425235271453857,
    3.5310739278793335,
    3.0442962646484375,
    -0.22485089302062988,
    3.416850209236145,
    -0.2558410167694092,
    -1.1512036323547363,
    -2.6139259338378906,
    -1.219709038734436,
    3.279458522796631,
    -0.8379324674606323,
    -1.3998701572418213,
    6.191497951745987,
    4.615056991577148,
    -0.26947641372680664,
    -1.304505467414856,
    2.8984968662261963,
    -1.5465950965881348,
    0.06976127624511719,
    -1.9153931140899658,
    2.467155337333679,
    -0.28095507621765137,
    0.5945397615432739,
    -0.13162899017333984,
    6.2670066356658936,
    2.02914559841156,
    0.16785812377929688,
    5.196662545204163,
    2.430891990661621,
    1.574498176574707,
    2.1944950819015503,
    1.4038069248199463,
    -2.6051463186740875,
    1.385589838027954,
    2.813978433609009,
    2.1063241958618164,
    4.084927916526794,
    -1.0446538925170898,
    4.070925235748291,
    3.5623799562454224,
    2.527009427547455,
    0.010627031326293945,
    -1.101865530014038,
    0.7782888412475586,
    -1.3371946811676025,
    -0.7711833715438843,
    0.5660171508789062,
    0.20689034461975098,
    0.05268287658691406,
    3.0544761419296265,
    1.7533355951309204,
    0.677351713180542,
    -0.2672184705734253,
    0.3507188558578491,
    2.875201106071472,
    0.15124082565307617,
    3.980621576309204,
    -1.3540716171264648,
    -1.0962138175964355,
    1.9645767211914062,
    -1.167182207107544,
    -1.1748727560043335,
    -1.9157623052597046,
    0.9020049571990967,
    -0.4221510887145996,
    -1.1695775985717773,
    -0.0714724063873291,
    3.2515876293182373,
    1.9180381298065186,
    3.511949896812439,
    6.5232661962509155,
    0.5002138614654541,
    -3.1234186589717865,
    4.182145118713379,
    1.2897156476974487,
    1.3709893226623535,
    -3.602236330509186,
    -1.9415646195411682,
    5.185914933681488,
    0.6194696426391602,
    2.5850722789764404,
    5.2160011529922485,
    2.4195384979248047,
    -0.07764852046966553,
    0.22202801704406738,
    4.597256183624268,
    0.23721694946289062,
    2.350288152694702,
    3.29019296169281,
    3.1879611015319824,
    3.6228578090667725,
    -1.068489909172058,
    2.2554805278778076,
    1.3424320220947266,
    0.02852773666381836,
    -0.18839311599731445,
    -1.6324740648269653,
    1.1932742595672607,
    -1.4026401042938232
  ],
  "detailed_results": [
    {
      "sample_idx": 0,
      "label": 7,
      "result": "verified",
      "time": 0.8026237487792969,
      "margin": 3.5646685361862183
    },
    {
      "sample_idx": 1,
      "label": 2,
      "result": "falsified",
      "time": 0.3332247734069824,
      "margin": -0.6425235271453857
    },
    {
      "sample_idx": 2,
      "label": 1,
      "result": "verified",
      "time": 0.26769518852233887,
      "margin": 3.5310739278793335
    },
    {
      "sample_idx": 3,
      "label": 0,
      "result": "verified",
      "time": 0.16253137588500977,
      "margin": 3.0442962646484375
    },
    {
      "sample_idx": 4,
      "label": 4,
      "result": "falsified",
      "time": 0.23200654983520508,
      "margin": -0.22485089302062988
    },
    {
      "sample_idx": 5,
      "label": 1,
      "result": "verified",
      "time": 0.22040128707885742,
      "margin": 3.416850209236145
    },
    {
      "sample_idx": 6,
      "label": 4,
      "result": "falsified",
      "time": 0.2416849136352539,
      "margin": -0.2558410167694092
    },
    {
      "sample_idx": 7,
      "label": 9,
      "result": "falsified",
      "time": 0.2765514850616455,
      "margin": -1.1512036323547363
    },
    {
      "sample_idx": 8,
      "label": 5,
      "result": "falsified",
      "time": 0.300152063369751,
      "margin": -2.6139259338378906
    },
    {
      "sample_idx": 9,
      "label": 9,
      "result": "falsified",
      "time": 0.20021414756774902,
      "margin": -1.219709038734436
    },
    {
      "sample_idx": 10,
      "label": 0,
      "result": "verified",
      "time": 0.43700242042541504,
      "margin": 3.279458522796631
    },
    {
      "sample_idx": 11,
      "label": 6,
      "result": "falsified",
      "time": 0.33702802658081055,
      "margin": -0.8379324674606323
    },
    {
      "sample_idx": 12,
      "label": 9,
      "result": "falsified",
      "time": 0.15177321434020996,
      "margin": -1.3998701572418213
    },
    {
      "sample_idx": 13,
      "label": 0,
      "result": "verified",
      "time": 0.15726971626281738,
      "margin": 6.191497951745987
    },
    {
      "sample_idx": 14,
      "label": 1,
      "result": "verified",
      "time": 0.15065836906433105,
      "margin": 4.615056991577148
    },
    {
      "sample_idx": 15,
      "label": 5,
      "result": "falsified",
      "time": 0.2271127700805664,
      "margin": -0.26947641372680664
    },
    {
      "sample_idx": 16,
      "label": 9,
      "result": "falsified",
      "time": 0.2369251251220703,
      "margin": -1.304505467414856
    },
    {
      "sample_idx": 17,
      "label": 7,
      "result": "verified",
      "time": 0.3359222412109375,
      "margin": 2.8984968662261963
    },
    {
      "sample_idx": 18,
      "label": 3,
      "result": "falsified",
      "time": 0.30107760429382324,
      "margin": -1.5465950965881348
    },
    {
      "sample_idx": 19,
      "label": 4,
      "result": "verified",
      "time": 0.19751596450805664,
      "margin": 0.06976127624511719
    },
    {
      "sample_idx": 20,
      "label": 9,
      "result": "falsified",
      "time": 0.15627765655517578,
      "margin": -1.9153931140899658
    },
    {
      "sample_idx": 21,
      "label": 6,
      "result": "verified",
      "time": 0.3388059139251709,
      "margin": 2.467155337333679
    },
    {
      "sample_idx": 22,
      "label": 6,
      "result": "falsified",
      "time": 0.33017754554748535,
      "margin": -0.28095507621765137
    },
    {
      "sample_idx": 23,
      "label": 5,
      "result": "verified",
      "time": 0.10221290588378906,
      "margin": 0.5945397615432739
    },
    {
      "sample_idx": 24,
      "label": 4,
      "result": "falsified",
      "time": 0.2935044765472412,
      "margin": -0.13162899017333984
    },
    {
      "sample_idx": 25,
      "label": 0,
      "result": "verified",
      "time": 0.2509608268737793,
      "margin": 6.2670066356658936
    },
    {
      "sample_idx": 26,
      "label": 7,
      "result": "verified",
      "time": 0.3369767665863037,
      "margin": 2.02914559841156
    },
    {
      "sample_idx": 27,
      "label": 4,
      "result": "verified",
      "time": 0.24152064323425293,
      "margin": 0.16785812377929688
    },
    {
      "sample_idx": 28,
      "label": 0,
      "result": "verified",
      "time": 0.35649776458740234,
      "margin": 5.196662545204163
    },
    {
      "sample_idx": 29,
      "label": 1,
      "result": "verified",
      "time": 0.32428979873657227,
      "margin": 2.430891990661621
    },
    {
      "sample_idx": 30,
      "label": 3,
      "result": "verified",
      "time": 0.13943696022033691,
      "margin": 1.574498176574707
    },
    {
      "sample_idx": 31,
      "label": 1,
      "result": "verified",
      "time": 0.2931246757507324,
      "margin": 2.1944950819015503
    },
    {
      "sample_idx": 32,
      "label": 3,
      "result": "verified",